ep_rew_mean,ep_rew_std,ep_rew_025,ep_rew_975,ep_len_mean,ep_len_std,ep_len_025,ep_len_975,success_mean,success_std,success_025,success_975,label
-461.0535,384.45458316002686,-496.2337983355227,-427.28858064381103,757.086,353.4147515370573,724.9240683973965,786.9359776666859,0.368,0.4822613399392491,0.324,0.408,AIR+Res. no RSI
-464.119,333.4725735933916,-493.05209419638817,-435.5559994915992,889.612,262.9006684206033,864.6631003376499,911.4179298882912,0.164,0.3702755730533679,0.132,0.196,AIR+Res.
-491.9665,381.28941829370245,-524.6209486596861,-458.071243626585,802.384,335.97765482841265,771.9415161102248,830.0906454656509,0.272,0.4449898875255481,0.232,0.312,AIR
-481.26,411.4396005490964,-564.8989348460843,-402.6797645422186,659.17,395.6133479800701,580.6275627382886,736.8625620614712,0.43,0.4950757517794625,0.33,0.52,Expert
