ep_rew_mean,ep_rew_std,ep_rew_025,ep_rew_975,ep_len_mean,ep_len_std,ep_len_025,ep_len_975,success_mean,success_std,success_025,success_975,label
341.597375695355,155.2106869678659,311.16650948608327,372.2841309160973,419.43,142.83292722618268,390.59,446.4955095086776,0.66,0.4737087712930805,0.55,0.74,AIR
312.55267208414153,170.92010848417135,278.6432698434189,345.87282277202536,394.87,160.10981575156472,362.6149355932115,425.6676463631119,0.6,0.4898979485566356,0.49,0.68,SIR
323.5527711795253,172.25136493971493,290.1896218608686,357.5523739897674,404.33,165.0933102823976,371.6911922648757,435.41039630857546,0.56,0.4963869458396343,0.45,0.65,SAC+RSI
368.7423522492466,139.37961721102508,340.98624135667905,395.1368981134388,440.22,134.15107752083097,413.75,466.33,0.81,0.3923009049186605,0.71,0.87,SAC
285.2776813030243,180.99426809943688,213.3500910834612,372.0080010562591,371.05,171.2350650421811,300.43992396493053,451.40892693879584,0.45,0.49749371855331,0.2,0.6,Expert
