metric,trainset_mean,trainset_025,trainset_975,testset_mean,testset_025,testset_975
Normalized reward,1.1146865142379003,0.9767993456759645,1.2405064655746725,0.9785264096865869,0.8460897976265026,1.1132443350512513
Success rate,0.728,0.624,0.8,0.49800000000000005,0.3931787070332903,0.5820000000000001
