Group,trainset_mean,trainset_025,trainset_975,testset_mean,testset_025,testset_975,expert_train_mean,expert_train_025,expert_train_975,expert_test_mean,expert_test_025,expert_test_975
Split 0,415.11,385.3075631171119,444.94,436.48,422.9276341673468,445.81,371.05,300.43992396493053,451.40892693879584,466.7,455.2,473.6
Split 1,407.29,386.9503413497701,427.5919713811068,316.07,263.9755400084397,365.5994342043669,431.7,369.4880150058001,465.15,421.85,337.0,506.65
Split 2,405.31,371.3828697623331,437.7783404320745,325.58,306.686587753664,345.3483154053863,432.1,363.9527104728231,498.3982995979908,415.2,374.9941616942531,449.507229807572
Split 3,401.22,373.5572952691332,423.7363326133023,549.02,528.7005011515745,567.1741016907605,358.25,302.15,414.4377228276349,559.65,520.9,597.45
Split 4,447.28,420.50330018230767,472.03,356.78,321.94014673109933,390.90699037355785,419.7,360.2,482.2,429.8,343.6,498.75
