Group,trainset_mean,trainset_025,trainset_975,testset_mean,testset_025,testset_975,expert_train_mean,expert_train_025,expert_train_975,expert_test_mean,expert_test_025,expert_test_975
Split 0,339.0041452426114,306.99666928878304,370.9274960933169,350.9447079522826,335.6634822954912,363.8293799885933,285.2776813030243,213.3500910834612,372.0080010562591,407.6003809005022,405.29247416535793,410.104610820824
Split 1,328.93993081052264,306.6723245381633,349.5099712377639,229.14798150479797,179.66699438861406,283.991105475145,350.0617379412055,289.7925713789823,386.8049793109303,339.2916570365429,238.73948151260896,441.0280205282267
Split 2,334.4440619707108,298.3064958068641,368.97696286848617,241.18765848290613,222.9935225735188,260.11677829179143,342.4234110221267,272.5960717367543,415.72641191280405,315.77458951547743,262.33642778391527,361.1904468426428
Split 3,326.1461188212037,297.7317329370644,349.3977162319933,464.542229834944,439.53413489312,487.53867155965423,266.09192994236946,205.5485136601262,322.92856110974486,472.1960994973779,408.1769438547782,530.0621292562882
Split 4,378.3875152828998,347.9178426275423,404.3406078575484,273.6724581548572,238.2417602028852,309.88432383360504,333.9652131229639,268.81670544557045,408.6257430710597,335.893616835773,260.8926976263589,398.3181336791223
