trainset_mean,trainset_025,trainset_975,testset_mean,testset_025,testset_975,expert_train_mean,expert_train_025,expert_train_975,expert_test_mean,expert_test_025,expert_test_975
341.38435442558966,311.5250130396834,368.63055085782173,311.8990071859576,283.21997887072587,341.0720518297578,315.5639946663379,250.0207906609789,381.2187392921596,374.1512687571347,315.08760498860386,428.1406682254208
