Group,trainset,testset,expert_train,expert_test
Split 0,339.0041452426114,350.9447079522826,285.2776813030243,407.6003809005022
Split 1,328.93993081052264,229.14798150479797,350.0617379412055,339.2916570365429
Split 2,334.4440619707108,241.18765848290613,342.4234110221267,315.77458951547743
Split 3,326.1461188212037,464.542229834944,266.09192994236946,472.1960994973779
Split 4,378.3875152828998,273.6724581548572,333.9652131229639,335.893616835773
