ep_rew_mean,ep_rew_std,ep_rew_025,ep_rew_975,ep_len_mean,ep_len_std,ep_len_025,ep_len_975,success_mean,success_std,success_025,success_975,label
-406.5075,374.0032694626479,-485.4910356488149,-338.3800612196883,701.48,365.984548307712,629.2111767100124,770.6611449852959,0.44,0.4963869458396343,0.34,0.53,AIR+Res. no RSI
-483.26,337.2264612245012,-552.6686855543185,-418.8557464166946,897.44,251.69768850746323,839.6133740812843,939.5792141375066,0.16,0.3666060555964672,0.09,0.23,AIR+Res.
-459.7825,369.5687464041704,-535.1077215200276,-390.8389662489942,783.23,346.0580256257611,711.6661270791928,845.1053490213999,0.3,0.4582575694955839,0.21,0.39,AIR
-482.0,405.2180045975253,-664.1194336415008,-309.60046817568417,652.5,390.630579960146,473.6276613887875,810.05,0.45,0.49749371855331,0.2,0.6,Expert
