success_mean,success_025,success_975,ep_len_mean,ep_len_025,ep_len_975,ep_rew_mean,ep_rew_025,ep_rew_975
0.5699999999999999,0.46,0.65,410.27,378.1954566361617,444.02,316.5490937069618,281.31005195768574,353.00448443742545
