ep_rew_mean,ep_rew_std,ep_rew_025,ep_rew_975,ep_len_mean,ep_len_std,ep_len_025,ep_len_975,success_mean,success_std,success_025,success_975,label
-3000.0,0.0,-3000.0,-3000.0,3000.0,0.0,3000.0,3000.0,0.0,0.0,0.0,0.0,AIR
-3000.0,0.0,-3000.0,-3000.0,3000.0,0.0,3000.0,3000.0,0.0,0.0,0.0,0.0,SIR
-3000.0,0.0,-3000.0,-3000.0,3000.0,0.0,3000.0,3000.0,0.0,0.0,0.0,0.0,SAC+RSI
-3000.0,0.0,-3000.0,-3000.0,3000.0,0.0,3000.0,3000.0,0.0,0.0,0.0,0.0,SAC
-475.1375,806.4464352756171,-1016.610426452473,-211.89319751651635,958.55,1152.1362538779863,533.8,1565.6541202111591,0.4,0.4898979485566356,0.15,0.6,Expert
