success_mean,success_025,success_975,ep_len_mean,ep_len_025,ep_len_975,ep_rew_mean,ep_rew_025,ep_rew_975
0.9439999999999999,0.918,0.96,230.984,213.1797963492099,251.37563033181996,-171.988,-193.95342403159768,-153.2078718170566
