ep_rew_mean,ep_rew_std,ep_rew_025,ep_rew_975,ep_len_mean,ep_len_std,ep_len_025,ep_len_975,success_mean,success_std,success_025,success_975,label,color
339.0041452426114,164.21610964369128,306.99666928878304,370.9274960933169,415.11,153.64965961563337,385.3075631171119,444.94,0.69,0.462493243193887,0.58,0.77,SAC after $1 \cdot 10^6$; Training Set,PLOTOlive
350.9447079522826,71.21568910662752,335.6634822954912,363.8293799885933,436.48,57.117682025796526,422.9276341673468,445.81,0.65,0.4769696007084727,0.54,0.73,SAC after $1 \cdot 10^6$; Test Set,PLOTBluishGreen
341.597375695355,155.2106869678659,311.16650948608327,372.2841309160973,419.43,142.83292722618268,390.59,446.4955095086776,0.66,0.4737087712930805,0.55,0.74,SAC after $3 \cdot 10^6$; Training Set,PLOTOlive
310.27411038397463,116.92239934390368,285.0514120367688,330.7725617335603,397.75,101.64471211037,374.42,414.54,0.57,0.4950757517794625,0.46,0.66,SAC after $3 \cdot 10^6$ Steps; Test Set,PLOTBluishGreen
285.2776813030243,180.99426809943688,213.3500910834612,372.0080010562591,371.05,171.2350650421811,300.43992396493053,451.40892693879584,0.45,0.49749371855331,0.2,0.6,Expert; Training Set,PLOTGray
407.6003809005022,5.58536671317089,405.29247416535793,410.104610820824,466.7,22.884711053452257,455.2,473.6,1.0,0.0,1.0,1.0,Expert; Test Set,PLOTBlack
