ep_rew_mean,ep_rew_std,ep_rew_025,ep_rew_975,ep_len_mean,ep_len_std,ep_len_025,ep_len_975,success_mean,success_std,success_025,success_975,label
-77.0425,32.54376005857343,-86.95159847450898,-72.535,149.71,92.41290981242824,138.76,188.06216639662708,0.99,0.0994987437106619,0.94,1.0,AIR
-203.8525,157.54889358148475,-241.0849704973571,-177.53828158737934,533.42,389.7078182433604,460.2338055992016,614.3872404728451,0.59,0.4918333050943174,0.48,0.6769706222330569,SIR
-204.41,175.8381518613068,-247.7180918274828,-175.49382116764116,537.08,410.13353142604666,455.89439519128535,619.4131043389206,0.57,0.4950757517794625,0.46,0.65,SAC+RSI
-1000.0,0.0,-1000.0,-1000.0,1000.0,0.0,1000,1000,0.0,0.0,0.0,0.0,SAC
-265.1375,334.8389302616259,-448.3371273418204,-149.7,313.6,316.707814870426,205.1549243296084,488.0336165292989,0.85,0.3570714214271425,0.55,0.95,Expert
