success_mean,success_025,success_975,ep_len_mean,ep_len_025,ep_len_975,ep_rew_mean,ep_rew_025,ep_rew_975
0.63,0.5909134304924014,0.676,494.274,460.2281592195383,529.537972556155,-285.69,-318.2773909220958,-256.11457008800636
