success_mean,success_025,success_975,ep_len_mean,ep_len_025,ep_len_975,ep_rew_mean,ep_rew_025,ep_rew_975
0.664,0.62,0.704,540.746,511.7303022316921,571.6354677611964,-438.593,-473.09069555824817,-407.6482720423289
