ep_rew_mean,ep_rew_std,ep_rew_025,ep_rew_975,ep_len_mean,ep_len_std,ep_len_025,ep_len_975,success_mean,success_std,success_025,success_975,label
-483.26,337.2264612245012,-552.6686855543185,-418.8557464166946,897.44,251.69768850746323,839.6133740812843,939.5792141375066,0.16,0.3666060555964672,0.09,0.23,AIR+Res.
-459.7825,369.5687464041704,-535.1077215200276,-390.8389662489942,783.23,346.0580256257611,711.6661270791928,845.1053490213999,0.3,0.4582575694955839,0.21,0.39,AIR
-991.62,83.37994722953475,-1000.0,-974.86,994.15,58.206765070737255,959.0594659491306,1000.0,0.01,0.0994987437106619,0.0,0.03,SIR
-999.85,1.176329035601859,-1000.0,-999.4375,1000.0,0.0,1000.0,1000.0,0.0,0.0,0.0,0.0,SAC+RSI
-876.1075,273.61668729949565,-921.5575,-815.203644908729,991.34,86.1659120534333,948.04,1000.0,0.01,0.0994987437106619,0.0,0.03,SAC
-482.0,405.2180045975253,-664.1194336415008,-309.60046817568417,652.5,390.630579960146,473.6276613887875,810.05,0.45,0.49749371855331,0.2,0.6,Expert
